Reference,Value,Datasheet,Qty,DNP,Mfr. # , Link
Capacitors,,,,,,
CBST1,0.1u,https://product.tdk.com/system/files/dam/doc/product/capacitor/ceramic/mlcc/catalog/mlcc_automotive_soft_en.pdf,1,,CGA5L1C0G2A104J160AE,https://www.digikey.ca/en/products/detail/tdk-corporation/CGA5L1C0G2A104J160AE/8555483?s=N4IgTCBcDaIMIHECCBWAMgRjgBgWJG2ALAFIYBs2SAoiALoC%2BQA
CIN1,10u,https://product.tdk.com/system/files/dam/doc/product/capacitor/ceramic/mlcc/catalog/mlcc_automotive_general_en.pdf,1,,CGA6P1X7R1N106M250AC,https://www.digikey.ca/en/products/detail/tdk-corporation/CGA6P1X7R1N106M250AC/9991394?s=N4IgTCBcDaIMIHECCA2ACgRgBoHYBKGAchgAwoCyYArCUnCALoC%2BQA
CIN2,10u,https://product.tdk.com/system/files/dam/doc/product/capacitor/ceramic/mlcc/catalog/mlcc_automotive_general_en.pdf,1,,CGA6P1X7R1N106M250AC,https://www.digikey.ca/en/products/detail/tdk-corporation/CGA6P1X7R1N106M250AC/9991394?s=N4IgTCBcDaIMIHECCA2ACgRgBoHYBKGAchgAwoCyYArCUnCALoC%2BQA
COUT1,47u,https://product.tdk.com/system/files/dam/doc/product/capacitor/ceramic/mlcc/catalog/mlcc_automotive_general_en.pdf,1,,CGA9N3X7R1C476M230KB,https://www.digikey.ca/en/products/detail/tdk-corporation/CGA9N3X7R1C476M230KB/2781361?s=N4IgTCBcDaIMIHECCBOAcgZgBoHYBKAjHACw4BsAsmBgAwDSAQiALoC%2BQA
COUT2,47u,https://product.tdk.com/system/files/dam/doc/product/capacitor/ceramic/mlcc/catalog/mlcc_automotive_general_en.pdf,1,,CGA9N3X7R1C476M230KB,https://www.digikey.ca/en/products/detail/tdk-corporation/CGA9N3X7R1C476M230KB/2781361?s=N4IgTCBcDaIMIHECCBOAcgZgBoHYBKAjHACw4BsAsmBgAwDSAQiALoC%2BQA
Diodes,,,,,,
D1,B540C,https://www.diodes.com/assets/Datasheets/B520C-B560C.pdf,1,,B540C-13-F,https://www.digikey.ca/en/products/detail/diodes-incorporated/B540C-13-F/768771
Inductors,,,,,,
L1,4.7u,https://industrial.panasonic.com/cdbs/www-data/pdf/AGL0000/AGL0000C61.pdf,1,,ETQ-P8M4R7JFA,https://www.digikey.ca/en/products/detail/panasonic-electronic-components/ETQ-P8M4R7JFA/6561751
Resistors,,,,,,
RBOT1,10.2k,https://www.vishay.com/docs/28758/tnpw_e3.pdf,1,,TNPW040210K2BEED,https://www.digikey.ca/en/products/detail/vishay-dale/TNPW040210K2BEED/1606425?s=N4IgTCBcDaICoDkAKB1ADAFjWAjGg0mAEICiJAIiALoC%2BQA
REN1,56k,https://www.vishay.com/docs/28758/tnpw_e3.pdf,1,,TNPW120656K0BEEA,https://www.digikey.ca/en/products/detail/vishay-dale/TNPW120656K0BEEA/1608052?s=N4IgTCBcDaICoDkAKB1AjGADANgKzYGlMAhAUVIEEQBdAXyA
REN2,10.2k,https://www.vishay.com/docs/28758/tnpw_e3.pdf,1,,TNPW040210K2BEED,https://www.digikey.ca/en/products/detail/vishay-dale/TNPW040210K2BEED/1606425?s=N4IgTCBcDaICoDkAKB1ADAFjWAjGg0mAEICiJAIiALoC%2BQA
RLOAD1,1.5,https://www.vishay.com/docs/28730/ac_ac-at_ac-ni.pdf,1,,AC07000001508JAC00,https://www.digikey.ca/en/products/detail/vishay-beyschlag-draloric-bc-components/AC07000001508JAC00/595571
RLOAD2,1.5,https://www.vishay.com/docs/28730/ac_ac-at_ac-ni.pdf,1,,AC07000001508JAC00,https://www.digikey.ca/en/products/detail/vishay-beyschlag-draloric-bc-components/AC07000001508JAC00/595571
RPGOOD1,100k,https://www.vishay.com/docs/28779/tnpue3.pdf,1,,TNPU0603100KAZEN00,https://www.digikey.ca/en/products/detail/vishay-dale/TNPU0603100KAZEN00/3046937?s=N4IgTCBcDaICoDkAKBVADANjQZgIxrQGkBBALQFEECQBdAXyA
RTOP1,24k,https://www.vishay.com/docs/28758/tnpw_e3.pdf,1,,TNPW020124K0BEED,https://www.digikey.ca/en/products/detail/vishay-dale/TNPW020124K0BEED/15972343
Chip,,,,,,
U1,ADP2303ARDZ,https://www.analog.com/media/en/technical-documentation/data-sheets/ADP2302_2303.pdf,1,,ADP2303ARDZ,https://www.digikey.ca/en/products/detail/analog-devices-inc/ADP2303ARDZ/2700166
Additional Components,,,,,,
connectors,,https://www.te.com/usa-en/product-170279-1.datasheet.pdf,2,,170279-1,https://www.digikey.ca/en/products/detail/te-connectivity-amp-connectors/170279-1/2315608
Output Header,,https://www.molex.com/content/dam/molex/molex-dot-com/products/automated/en-us/salesdrawingpdf/532/53261/532610271_sd.pdf?inline,1,,532610271,https://www.digikey.ca/en/products/detail/molex/0532610271/699094?s=N4IgjCBcoKxaBjKAzAhgGwM4FMA0IB7KAbRABYAGGCsskAXXwAcAXKEAZRYCcBLAOwDmIAL74AbAE54IJJDRY8hEuQqSyAJgoNmbSJx4DhYkAA5TMuQpz4ikUmA1gAzBvE6Qrdlz5DR%2BGEdLFAwbZXsQZwB2F2cIRk89A19jALALaFkQxVsVZ2dTDTI4BK99HyN-EBhTaUyrUKU7UkpqCg0PMuTKkzAKUzp67LDmyNNxGDJpUqSKv16oyW0h%2BUbciPEBixnvQ3n8MEWIFesmlTJHDWjO2b3U8EWOk7Xw0i0aUyib3ZSqw8k4M8cq9yJdrjtyncqlp0sFVsDRmBHFFtBDuvsQFonHDTusWu1Dl80XN7ljnDiXqMCqZnJIOsSoSYALTHRDDM4RK4MZlPNmQHgAVw5pBKIhMT1IAAtsKgACbYbjcoA
Input Header,,https://www.molex.com/content/dam/molex/molex-dot-com/products/automated/en-us/salesdrawingpdf/532/53261/532610271_sd.pdf?inline,1,,532610271,https://www.digikey.ca/en/products/detail/molex/0532610271/699094?s=N4IgjCBcoKxaBjKAzAhgGwM4FMA0IB7KAbRABYAGGCsskAXXwAcAXKEAZRYCcBLAOwDmIAL74AbAE54IJJDRY8hEuQqSyAJgoNmbSJx4DhYkAA5TMuQpz4ikUmA1gAzBvE6Qrdlz5DR%2BGEdLFAwbZXsQZwB2F2cIRk89A19jALALaFkQxVsVZ2dTDTI4BK99HyN-EBhTaUyrUKU7UkpqCg0PMuTKkzAKUzp67LDmyNNxGDJpUqSKv16oyW0h%2BUbciPEBixnvQ3n8MEWIFesmlTJHDWjO2b3U8EWOk7Xw0i0aUyib3ZSqw8k4M8cq9yJdrjtyncqlp0sFVsDRmBHFFtBDuvsQFonHDTusWu1Dl80XN7ljnDiXqMCqZnJIOsSoSYALTHRDDM4RK4MZlPNmQHgAVw5pBKIhMT1IAAtsKgACbYbjcoA
Supports?,,,6,,,